{
  "kernel": "multiscale",
  "feature_map": "zz_qiskit",
  "depth": 1,
  "backend": "statevector",
  "seed": 44,
  "scales": [
    [
      [
        0,
        1
      ],
      [
        2,
        3
      ],
      [
        4,
        5
      ],
      [
        6,
        7
      ],
      [
        8,
        9
      ],
      [
        10,
        11
      ],
      [
        12,
        13
      ],
      [
        14,
        15
      ],
      [
        16,
        17
      ]
    ],
    [
      [
        0,
        1,
        2,
        3,
        4,
        5,
        6,
        7,
        8,
        9,
        10,
        11,
        12,
        13,
        14,
        15,
        16,
        17
      ]
    ]
  ],
  "weights": [
    0.5,
    0.5
  ],
  "normalize": true,
  "n_samples": 351,
  "n_qubits": 18,
  "entanglement": "linear",
  "per_scale_diag_means": [
    0.6082266401223297,
    0.9999999999999939
  ],
  "dataset": "ionosphere",
  "d": 18,
  "center": false,
  "C_grid": [
    0.1,
    1.0,
    10.0
  ],
  "spectrum_stats": {
    "n": 351,
    "trace": 351.0,
    "lambda_min": -1.1815550692615811e-15,
    "lambda_max": 55.76480262531035,
    "effective_rank@1e-06": 350,
    "threshold": 1e-06
  }
}