{
  "kernel": "multiscale",
  "feature_map": "zz_qiskit",
  "depth": 1,
  "backend": "statevector",
  "seed": 44,
  "scales": [
    [
      [
        0,
        1
      ],
      [
        2,
        3
      ],
      [
        4,
        5
      ],
      [
        6,
        7
      ],
      [
        8,
        9
      ]
    ],
    [
      [
        0,
        1,
        2,
        3,
        4,
        5,
        6,
        7,
        8,
        9
      ]
    ]
  ],
  "weights": [
    0.5,
    0.5
  ],
  "normalize": true,
  "n_samples": 920,
  "n_qubits": 10,
  "entanglement": "linear",
  "per_scale_diag_means": [
    0.6347645371111439,
    0.9999999999999968
  ],
  "dataset": "heart_disease",
  "d": 10,
  "center": false,
  "C_grid": [
    0.1,
    1.0,
    10.0
  ],
  "spectrum_stats": {
    "n": 920,
    "trace": 919.9999999999998,
    "lambda_min": -1.0521460543920887e-15,
    "lambda_max": 142.82631574448806,
    "effective_rank@1e-06": 918,
    "threshold": 1e-06
  }
}