{
  "kernel": "multiscale",
  "feature_map": "zz_qiskit",
  "depth": 1,
  "backend": "statevector",
  "seed": 42,
  "scales": [
    [
      [
        0,
        1
      ],
      [
        2,
        3
      ],
      [
        4,
        5
      ],
      [
        6,
        7
      ],
      [
        8,
        9
      ]
    ],
    [
      [
        0,
        1,
        2,
        3,
        4,
        5,
        6,
        7,
        8,
        9
      ]
    ]
  ],
  "weights": [
    0.5,
    0.5
  ],
  "normalize": true,
  "n_samples": 351,
  "n_qubits": 10,
  "entanglement": "linear",
  "per_scale_diag_means": [
    0.6420783852137457,
    0.9999999999999969
  ],
  "dataset": "ionosphere",
  "d": 10,
  "center": false,
  "C_grid": [
    0.1,
    1.0,
    10.0
  ],
  "spectrum_stats": {
    "n": 351,
    "trace": 351.0000000000001,
    "lambda_min": -6.356457620930513e-16,
    "lambda_max": 54.942297311434245,
    "effective_rank@1e-06": 350,
    "threshold": 1e-06
  }
}