{
  "kernel": "multiscale",
  "feature_map": "zz_qiskit",
  "depth": 1,
  "backend": "statevector",
  "seed": 42,
  "scales": [
    [
      [
        0,
        1
      ],
      [
        2,
        3
      ],
      [
        4,
        5
      ],
      [
        6,
        7
      ],
      [
        8,
        9
      ],
      [
        10,
        11
      ],
      [
        12,
        13
      ]
    ],
    [
      [
        0,
        1,
        2,
        3,
        4,
        5,
        6,
        7,
        8,
        9,
        10,
        11,
        12,
        13
      ]
    ]
  ],
  "weights": [
    0.5,
    0.5
  ],
  "normalize": true,
  "n_samples": 2000,
  "n_qubits": 14,
  "entanglement": "linear",
  "per_scale_diag_means": [
    0.6152151399828794,
    0.9999999999999957
  ],
  "dataset": "exam_score_prediction",
  "d": 14,
  "center": false,
  "C_grid": [
    0.1,
    1.0,
    10.0
  ],
  "spectrum_stats": {
    "n": 2000,
    "trace": 2000.0,
    "lambda_min": 0.13553937952907108,
    "lambda_max": 311.8601617711898,
    "effective_rank@1e-06": 2000,
    "threshold": 1e-06
  }
}