{
  "kernel": "multiscale",
  "feature_map": "zz_qiskit",
  "depth": 1,
  "backend": "statevector",
  "seed": 43,
  "scales": [
    [
      [
        0,
        1
      ],
      [
        2,
        3
      ],
      [
        4,
        5
      ],
      [
        6,
        7
      ],
      [
        8,
        9
      ]
    ],
    [
      [
        0,
        1,
        2,
        3,
        4,
        5,
        6,
        7,
        8,
        9
      ]
    ]
  ],
  "weights": [
    0.5,
    0.5
  ],
  "normalize": true,
  "n_samples": 2000,
  "n_qubits": 10,
  "entanglement": "linear",
  "per_scale_diag_means": [
    0.6378454097518657,
    0.9999999999999968
  ],
  "dataset": "exam_score_prediction",
  "d": 10,
  "center": false,
  "C_grid": [
    0.1,
    1.0,
    10.0
  ],
  "spectrum_stats": {
    "n": 2000,
    "trace": 1999.9999999999995,
    "lambda_min": 0.02847004381219472,
    "lambda_max": 309.1134449682486,
    "effective_rank@1e-06": 2000,
    "threshold": 1e-06
  }
}