{
  "kernel": "multiscale",
  "feature_map": "zz_manual_canonical",
  "depth": 1,
  "backend": "statevector",
  "seed": 42,
  "scales": [
    [
      [
        0,
        1
      ],
      [
        2,
        3
      ],
      [
        4,
        5
      ],
      [
        6,
        7
      ],
      [
        8,
        9
      ],
      [
        10,
        11
      ]
    ],
    [
      [
        0,
        1,
        2,
        3,
        4,
        5,
        6,
        7,
        8,
        9,
        10,
        11
      ]
    ]
  ],
  "weights": [
    0.5,
    0.5
  ],
  "normalize": true,
  "n_samples": 569,
  "n_qubits": 12,
  "entanglement": "ring",
  "per_scale_diag_means": [
    0.6776197451163403,
    0.999999999999996
  ],
  "dataset": "breast_cancer",
  "d": 12,
  "center": false,
  "C_grid": [
    0.1,
    1.0,
    10.0
  ],
  "spectrum_stats": {
    "n": 569,
    "trace": 568.9999999999998,
    "lambda_min": 0.12489420778445082,
    "lambda_max": 109.6914612367701,
    "effective_rank@1e-06": 569,
    "threshold": 1e-06
  }
}