{
  "kernel": "multiscale",
  "feature_map": "zz_qiskit",
  "depth": 1,
  "backend": "statevector",
  "seed": 44,
  "scales": [
    [
      [
        0,
        1
      ],
      [
        2,
        3
      ],
      [
        4,
        5
      ],
      [
        6,
        7
      ],
      [
        8,
        9
      ],
      [
        10,
        11
      ],
      [
        12,
        13
      ]
    ],
    [
      [
        0,
        1,
        2,
        3,
        4,
        5,
        6,
        7,
        8,
        9,
        10,
        11,
        12,
        13
      ]
    ]
  ],
  "weights": [
    0.5,
    0.5
  ],
  "normalize": true,
  "n_samples": 920,
  "n_qubits": 14,
  "entanglement": "linear",
  "per_scale_diag_means": [
    0.5546737778663657,
    0.9999999999999959
  ],
  "dataset": "heart_disease",
  "d": 14,
  "center": false,
  "C_grid": [
    0.1,
    1.0,
    10.0
  ],
  "spectrum_stats": {
    "n": 920,
    "trace": 920.0,
    "lambda_min": -7.395793680022358e-16,
    "lambda_max": 154.33504130127716,
    "effective_rank@1e-06": 918,
    "threshold": 1e-06
  }
}