{
  "kernel": "multiscale",
  "feature_map": "zz_qiskit",
  "depth": 1,
  "backend": "statevector",
  "seed": 43,
  "scales": [
    [
      [
        0,
        1
      ],
      [
        2,
        3
      ],
      [
        4,
        5
      ],
      [
        6,
        7
      ],
      [
        8,
        9
      ],
      [
        10,
        11
      ],
      [
        12,
        13
      ],
      [
        14,
        15
      ],
      [
        16,
        17
      ],
      [
        18,
        19
      ]
    ],
    [
      [
        0,
        1,
        2,
        3,
        4,
        5,
        6,
        7,
        8,
        9,
        10,
        11,
        12,
        13,
        14,
        15,
        16,
        17,
        18,
        19
      ]
    ]
  ],
  "weights": [
    0.5,
    0.5
  ],
  "normalize": true,
  "n_samples": 920,
  "n_qubits": 20,
  "entanglement": "linear",
  "per_scale_diag_means": [
    0.5461691029654597,
    0.9999999999999938
  ],
  "dataset": "heart_disease",
  "d": 20,
  "center": false,
  "C_grid": [
    0.1,
    1.0,
    10.0
  ],
  "spectrum_stats": {
    "n": 920,
    "trace": 920.0000000000001,
    "lambda_min": -4.1756744687744174e-16,
    "lambda_max": 153.00506555193368,
    "effective_rank@1e-06": 918,
    "threshold": 1e-06
  }
}