{
  "kernel": "multiscale",
  "feature_map": "zz_qiskit",
  "depth": 1,
  "backend": "statevector",
  "seed": 44,
  "scales": [
    [
      [
        0,
        1
      ],
      [
        2,
        3
      ],
      [
        4,
        5
      ],
      [
        6,
        7
      ],
      [
        8,
        9
      ],
      [
        10,
        11
      ]
    ],
    [
      [
        0,
        1,
        2,
        3,
        4,
        5,
        6,
        7,
        8,
        9,
        10,
        11
      ]
    ]
  ],
  "weights": [
    0.5,
    0.5
  ],
  "normalize": true,
  "n_samples": 920,
  "n_qubits": 12,
  "entanglement": "linear",
  "per_scale_diag_means": [
    0.6244295078721255,
    0.999999999999996
  ],
  "dataset": "heart_disease",
  "d": 12,
  "center": false,
  "C_grid": [
    0.1,
    1.0,
    10.0
  ],
  "spectrum_stats": {
    "n": 920,
    "trace": 919.9999999999999,
    "lambda_min": -2.3897115036097593e-15,
    "lambda_max": 143.25535233251478,
    "effective_rank@1e-06": 918,
    "threshold": 1e-06
  }
}