{
  "kernel": "multiscale",
  "feature_map": "zz_manual_canonical",
  "depth": 1,
  "backend": "statevector",
  "seed": 43,
  "scales": [
    [
      [
        0,
        1
      ],
      [
        2,
        3
      ],
      [
        4,
        5
      ],
      [
        6,
        7
      ],
      [
        8,
        9
      ],
      [
        10,
        11
      ],
      [
        12,
        13
      ],
      [
        14,
        15
      ],
      [
        16,
        17
      ],
      [
        18,
        19
      ]
    ],
    [
      [
        0,
        1,
        2,
        3,
        4,
        5,
        6,
        7,
        8,
        9,
        10,
        11,
        12,
        13,
        14,
        15,
        16,
        17,
        18,
        19
      ]
    ]
  ],
  "weights": [
    0.5,
    0.5
  ],
  "normalize": true,
  "n_samples": 569,
  "n_qubits": 20,
  "entanglement": "ring",
  "per_scale_diag_means": [
    0.6798146421559351,
    0.9999999999999946
  ],
  "dataset": "breast_cancer",
  "d": 20,
  "center": false,
  "C_grid": [
    0.1,
    1.0,
    10.0
  ],
  "spectrum_stats": {
    "n": 569,
    "trace": 569.0000000000001,
    "lambda_min": 0.4744868185422585,
    "lambda_max": 110.13663112592073,
    "effective_rank@1e-06": 569,
    "threshold": 1e-06
  }
}